{
  "$schema": "https://raw.githubusercontent.com/grafana/grafana/main/docs/sources/developers/plugins/plugin.schema.json",
  "type": "datasource",
  "name": "BDH-AMS",
  "id": "bdh-ambari-datasource",
  "metrics": true,
  "info": {
    "description": "BDH",
    "author": {
      "name": "BDH"
    },
    "keywords": [
      "datasource"
    ],
    "logos": {
      "small": "img/logo.svg",
      "large": "img/logo.svg"
    },
    "links": [],
    "screenshots": [],
    "version": "1.0.0",
    "updated": "2024-06-25"
  },
  "dependencies": {
    "grafanaDependency": ">=10.3.3",
    "plugins": []
  }
}